"Submission ID","Respondent ID","Submitted at","What do you do?","What's your goal with LinkedIn in the next 90 days?","Who is your ideal follower/customer?","What do you want to be known for on LinkedIn?","Who are your top 3 competitors?","When someone sees your LinkedIn content, what's the ONE action you want them to take?","Is there anything you cannot say or claim publicly about your work?","What's your professional background?","What are your biggest achievements or wins?","What's your story?","What makes you different from others in your space?","List your degrees, certifications, and any specialized training.","Have you been published, featured in media, or spoken at events?","What 3-5 topics do you want to talk about on LinkedIn?","What does everyone in your industry get wrong?","Do you have any frameworks, processes, or methodologies from your work?","Any LinkedIn creators or brands you admire?","What topics are OFF LIMITS? ","What's your current LinkedIn situation?","Do you have existing content we can repurpose? ","Do you have any existing resources or documents you can share as downloadable assets? ","We need photos and proof to make your content convert.","Your email address","Your LinkedIn profile URL","Your phone number ","Your website URL ","Will anyone else on your team be involved in reviewing or approving content? "
"0QzYqjZ","44KBXPd","2025-12-10 00:28:59","Executive search firm working with process improvement oriented companies , Private Equity, REIT's and other industruis and assist scaling them through optimized talent. ","More leads, and position as a thought leader. ","CEO's, Founders, COO's, HR Directors, CFO', Controller's , Operations.","Recruitment expert, someone that understands business at a high level. ","Ascendo Resources, Robert Half International, LEEDS ","","","I'v worked for one of the biggest Recruitment agencies in the world ( Rober Half International). I grew the Jacksonville, Florida market from scratch for a company called Ascendo Resources ","I opended up an office/ New market ( Jacksonville,FL)  generated over $ 5million in revenue from scratch. Left and opened up my own agency with business partner for six years got in to the private equity space and REIT;s, Manufacturing. Left partnership and started HRX HEADHUNTERS in 2025. I have 14 years in the recruitment space exposed to diverse portfolio of companies and positions from CEO, CFO to Staff Accountant, Financial Analyst , AI Analyst. ","I come from a diverse background , I came to the US at seven years old , it was just me and my mom. We were homeless for a couple months ( felt like years), I got to see my mom struggle working odd jobs and finally getting an apartment with another single mom and her kids and we split the rent on a one bedroom apartment for a couple of years. I learned alot what struggle really meant at an early age. I started finding my purpose over time in helping others and being emphatetic to others. I went to school for Marketing when I graduated it was one of the worst economies in US history in 2009 , i took low marketing roles and at the time I happened to help my mom with her resume and prepped her for her interviews for respitory nurse, at the same time my friend who worked at the airport and had a recent DUI was in need and I helped him with his resume and prepped him for interviews, I then realized I was destined to help people find jobs, I had great intuition and I always see the best in others. Life gave me an opportunity by me applying for a marketing coordinator role via Robert half ( the largest recruitment company world wide at the time). A recruiter by the name of Nadine liked my communication and asked me to come to the office to shadow her and I was beyond excited , it was a perfect match I started in the office team division which focused on receptionist, administrative assistants and warehouse coordinators , I learned so much , I then left to an up and coming agency I learned accoutning and finance skills and started placing direct hire professionals , I became a top producer for this company nationwide and got the opportunity to open up a new market which gave me a different perspective and taught me how to learn a market an execute. After much success I started HR Exchange with my business partner we grew out and had 6 people within our team. After many years I decided to leave our partnership and start fresh with HRX Headhunters , an innovative experience where I work with process improvement oriented companies who I help scale with strategic hiring within their operations including ( Accounting, Finance, Operations, Manufacturing and AI professionals). ","Gonzalo’s approach is defined by clarity and candor. He is known for asking the questions others miss, challenging assumptions, and delivering straightforward guidance that helps clients make confident, informed decisions. His ability to bridge rigorous analysis with genuine human understanding sets him apart in an industry often clouded by noise.

Grounded by his Christian values, Gonzalo operates with a strong sense of fairness, honesty, and respect—principles that shape every partnership he builds. He believes that recruitment is not simply about filling positions, but about aligning people with purpose and organizations with the leaders who will define their future.

Today, Gonzalo continues to influence teams, organizations, and careers by connecting exceptional talent with meaningful opportunities. His mission is simple but powerful: help companies grow by placing the right people in the right roles, and do it with integrity, insight, and unwavering commitment.","","","Modern Talent-Acquisition Trends & What They Mean for Employers
— Talk about what’s changing now in recruitment: e.g. how AI, skills-first hiring, and remote/hybrid flexibility are reshaping who gets hired and how quickly. 
Employer Branding News
+2
NetSuite
+2

— Share takeaways from your work with HRX: what skills are “hot,” which candidate traits are rising in demand, and what clients should focus on if they want to stay ahead.

Behind-the-Scenes of Executive Search & What Actually Goes Into “Finding the Right Fit”
— Give insight into how executive search / headhunting works differently from regular recruiting: targeting passive candidates, assessing leadership vs. just résumé credentials, balancing skills, culture-fit, leadership traits, etc. 
iSmartRecruit
+2
Wikipedia
+2

— Show your methodology — how you combine data, instinct, and deep market insight to deliver candidates who “perform on day one.” (That’s literally how HRX markets itself.) 
hrxheadhunters.com

Advice for Candidates — How to Stand Out (and Not Get Lost) in Today’s Job Market
— Share tips on optimizing LinkedIn profiles, preparing for recruiters / headhunters, doing interviews, and positioning your background effectively. Many candidates don’t realize what recruiters are looking for. 
jenningsexec.com
+2
VHR
+2

— Maybe talk about common mistakes you see and how to avoid them — strong value for your network + builds trust and visibility.

Why Company Culture, Values & “Fit” Are as Important as Credentials (Especially for Senior/Exec Roles)
— Use your platform as a counselor/facilitator: explain how “skills + character + cultural fit” is key to placements that last. That plays nicely with your values-based, high-integrity approach.
— Share real stories (anonymized) showing how wrong hires — even with perfect résumés — can derail teams, and why thoughtful headhunting matters.

Recruitment / Hiring Strategy for Businesses — What Leaders Should Know in 2025 and Beyond
— Position yourself not just as a recruiter, but as a strategic advisor: talk about workforce planning, anticipating skill gaps, building talent pipelines, leveraging data or AI in hiring, and aligning hiring strategy with business goals. 
NetSuite
+2
Hunter Recruiting
+2

— Show how partnering with a firm like yours can give leaders an unfair advantage — especially when high-impact hires are involved.","1: Most companies don’t have a hiring problem — they have a clarity problem.
2: Culture fit is overrated. Culture add is what drives real progress.
A-players don’t apply. If you’re relying on inbound applicants, you’re already losing","1. The “Precision Placement System” (PPS)

A framework for consistently landing high-impact talent.

Step 1 — Role Deconstruction

You break down a role into:

Core success outcomes (not tasks)

Non-negotiable competencies

Failure patterns from previous hires

Hidden expectations the company didn’t articulate

(This alone makes you look smarter than 80% of recruiters.)

Step 2 — Target Persona Building

You craft a candidate persona based on:

experience bandwidth

personality and culture alignment

leadership style

motivations + career trajectory

This eliminates guesswork and shotgun recruiting.

Step 3 — Strategic Sourcing Grid

A systematic approach that maps:

competitor talent

adjacent industries

passive candidate zones

“dark horse” industries clients overlook

This shows clients you’re not fishing… you’re hunting.

Step 4 — Behavioral + Competency Match

You pair evidence-based interviewing with pattern recognition:

decision-making habits

leadership under pressure

conflict resolution style

values alignment

Step 5 — Performance Prediction Review

You deliver “future-focused hiring,” meaning you evaluate:

how they'll perform in 12–24 months

role evolution fit

team synergy

risk flags

It proves you're not just filling a seat — you're shaping the team’s future.

2. The “5C Candidate Evaluation Model”

Fast, clear, and incredibly useful in client conversations.

You evaluate every candidate across:

1. Capability

Can they actually do the job? Skills, track record, scope.

2. Capacity

Do they have the bandwidth for the next level?
Many can do the job today…but not tomorrow.

3. Character

Integrity, accountability, emotional maturity, values.

4. Chemistry

Team fit, leadership compatibility, communication style.

5. Commitment

Are they motivated for this role, this company, this season of life?

This framework makes you sound systematic and deeply thoughtful.

3. The “High-Impact Hiring Blueprint”

Your implementation process for clients.

Phase 1 — Diagnostic

You run a quick organizational x-ray:

talent gaps

leadership dynamics

culture reality vs. culture branding

urgency vs importance

Phase 2 — Hiring Strategy Design

You define:

search strategy

timelines

sourcing channels

screening criteria

decision frameworks

Leaders love this because it gives clarity and control.

Phase 3 — Candidate Acquisition

This is where your headhunting edge shines:

direct outreach

referral mining

competitor mapping

passive talent identification

Phase 4 — Evaluation + Shortlist

You craft a shortlist built on quality, not volume.
Then you provide structured reports:

competency match

risk profile

leadership alignment

predicted performance

Phase 5 — Offer Strategy + Onboarding Success

You guide clients on:

competitive offers

expectation alignment

onboarding roadmap

This elevates you from “recruiter” to talent advisor","Josh Bersin — A widely respected industry analyst & HR thought-leader. His big-picture takes on the future of work, talent management, and how organizations must evolve keep you ahead of structural shifts. 
AuthoredUp
+2
iSmartRecruit
+2

Tim Sackett — Veteran recruiter / TA strategist. Great if you want grounded, no-nonsense takes about hiring, recruiting operations, and what works (or doesn’t) in talent acquisition. 
iSmartRecruit
+1

Meghan Biro — Focuses on talent management, employer branding, and modern recruitment strategies. Useful for thinking about broader trends beyond simply “filling roles.” 
Favikon
+2
Hirex
+2

Hung Lee — Founder of a popular newsletter/ community for recruiters, often shares sharp takes on how hiring, sourcing, and the recruiting business are changing. Great for staying ahead of trends (tech + human elements). 
Kula
+1

Katrina Collier — Known for her work around candidate engagement, social recruiting, and ethical sourcing / hiring practices. Handy when you want to strengthen your “candidate-first” reputation.","","9,500 plus followers, I post twice a week. ","yes I do. I have podcast clips from the past. ","","I will send later ","gonzalo@Hrxheadhunters.com ","https://www.linkedin.com/in/gonzalo-a-guillen-52024250/","","",""
"PdLxJk0","KYVVlBD","2025-12-10 21:56:13","I’m the founder of Divigner Group, an AI strategy and implementation firm that builds intelligent, compliant, and scalable AI systems.

Through Divigner, we serve insurance, financial services, healthcare, life sciences, and education organizations—helping them design, pilot, and deploy AI solutions responsibly and effectively. Our specialty is interactive and immersive conversational avatars that can see and hear the user.","To establish myself as the leading authority on Immersive and Interactive AI Avatars—the bridge between AI strategy and real-world engagement.

Within 90 days, I want to:

1. Build visibility for Avatar Studio as the go-to solution for enterprise avatars. I will also be working with Youtube as well (all I got for now: https://www.youtube.com/@AIPhysiques/shorts)

2. Generate demo requests and warm leads.

3. Grow an audience that sees me as the credible thought leader connecting AI, avatars, and business outcomes.

=======

In 2026, we’re launching Avatar Studio under Avanew.ai — our immersive and interactive AI division.

Avatar Studio empowers enterprises to deploy interactive video avatars for training, education, customer engagement, and digital assistance. It combines AI-driven avatars, real-time interactivity, agents and data integration into one seamless experience.

The initiative complements our broader ecosystem:

Divigner.com – AI Strategy & Implementation for enterprises.

Luzerna.io – AI services tailored for healthcare, life sciences, CME, and clinical decision support. (Coming in 2026, not mentioning this now).

Avanew.ai – Avatar Studio subscriptions, done-for-you builds, and a growing Avanew Community for affiliate sales, training, and paid support access.","My ideal audience includes founders, innovation leaders, medical educators, marketers, and learning professionals who want to apply AI practically through immersive, interactive avatars.

Industries: Pharma, healthcare, education, insurance, and enterprise training.

Titles: Director/VP of Medical Affairs, Learning & Development (L&D), Digital Innovation, Marketing, CME (Continuing Medical Education) Director, Corporate Trainers, and CX.

Psychographics: Curious about AI, but seeking structured, trustworthy, and compliant paths to implement it.","The go-to expert on Immersive and Interactive AI Avatars—where human connection meets AI precision and Governance, Risk Management & Compliance (GRC)","There’s no direct product competitor to Avatar Studio as a whole—we’re the only out-of-the-box “avatar hub” that integrates both HeyGen and Tavus and wraps them in strategy, orchestration, and governance.
The closest players in our space are:

1. HeyGen (Partner + Overlapping Offer)
* What they do well: Enterprise-grade talking-head avatars, strong UX, powerful interactive avatar APIs, fast iteration on features, and solid reliability.
* How we’re different: Avatar Studio sits on top of HeyGen as an enterprise implementation and orchestration layer. We:
    * Design the strategy, use cases, prompts, and workflows.
    * Plug HeyGen into RAG, LLM orchestration, and analytics.
    * Add governance, compliance, and domain specialization (pharma, healthcare, CME, insurance).
    * Provide a multi-avatar, multi-platform environment, not just “one vendor’s avatars.” In short, HeyGen is a core building block; Avatar Studio is the system that makes it a full solution.

2. Tavus (Partner + Overlapping Offer)
* What they do well: Highly scalable personalized and programmatic video, flexible APIs, and strong tooling for outbound, marketing, and dynamic content.
* How we’re different: We integrate Tavus into a broader immersive experience:
    * Combining Tavus with other avatar engines, knowledge bases, and workflows.
    * Using Tavus where personalized or programmatic video makes sense, but always within a governed, strategic architecture. Again, Tavus is a powerful engine; Avatar Studio is the orchestrator that turns that engine into an enterprise-ready, multi-use-case solution.

3. DigitalHumans.com (Direct Competitor, Not a Partner)
* What they do well: High-fidelity 3D digital humans with robust API/SDK options, deep enterprise integrations, and strong backing/partnerships (e.g., Dell). Excellent for premium, cinematic-quality experiences.
* How we’re different:
    * We’re platform-agnostic—we can leverage realistic video avatars, stylized 3D, or a mix of engines depending on use case, budget, and constraints.
    * We focus on speed to value and affordability, offering more accessible paths to pilot and scale than DigitalHumans’ very high price point.
    * Our core strength is AI architecture, governance, and domain expertise, not just the visual layer. We build complete interactive AI systems around the avatar, not just the avatar itself.

Bottom line:
* HeyGen and Tavus are engines we partner with.
* Avatar Studio is the multi-engine cockpit—strategy, design, governance, and orchestration.
* DigitalHumans.com is a premium 3D avatar vendor; we’re the flexible, integrative, and more cost-effective alternative focused on regulated, high-stakes industries.","","","I’m the founder and owner of Divigner Group, which I originally launched in the era of traditional web agencies. For years we built websites, portals, and digital experiences—then in 2023 I made a deliberate pivot to transform Divigner into an AI strategy, consulting, and implementation firm. Today, Divigner focuses on AI roadmapping and delivery for insurance, financial services, healthcare, life sciences, and education, often acting as the bridge between business stakeholders, technical teams, and governance.

Alongside Divigner, I co-founded Infiniqo.com in 2017, where we create immersive 3D cyber tabletop exercises and simulation-based experiences that help executives prepare for cyber incidents. I now serve as Chief AI Strategist (previously Chief Product Officer), guiding how we blend AI, game engines, and cyber frameworks to make training memorable, measurable, and aligned with cyber liability and risk management needs.

Before doubling down on entrepreneurship, I spent over two decades in property & casualty insurance, with leadership roles at AIG, Chubb, and Allied World across underwriting, operations, IT, and Insurtech innovation. I’ve supported underwriters in their day-to-day work, built bridges between underwriting, claims, actuarial, finance, and IT, and led AI product initiatives that unify underwriting, claims, reinsurance, and finance data on secure, cloud-native platforms. I’ve overseen teams of AI engineers and DevOps professionals, implemented AI and automation frameworks integrated with policy admin systems like Majesco and EIS, and deployed them on AWS infrastructure. 

Consulting:

More recently, I’ve expanded into life sciences and healthcare, leading an AI-driven portal project for a pharmaceutical company’s Medical Science Liaisons (MSLs) and Healthcare Professionals (HCPs), while continuing AI consulting for both insurance carriers and Main Street businesses. I now bring all of that experience into my current focus: building immersive, interactive AI solutions—from Avatar Studio under Avanew.ai to cyber simulations at Infiniqo—that power insurance training, continuing medical education, and pharma sales rep training. The throughline in my career is simple: I started in web, matured in enterprise insurance and data, and today I specialize in AI-powered, avatar-driven experiences that actually change how people learn, decide, and perform.","Sold to a Pharmaceuticals on an interactive avatar proof-of-value for digital MSLs.

Built AI architectures (and enterprise agency relationship) integrating HeyGen, Tavus, AWS Bedrock, and RAG pipelines for healthcare and insurance clients.

Founded Divigner Group and Avanew.ai, delivering AI implementations across multiple industries.

Regularly trusted by enterprise executives to translate AI hype into measurable, governed outcomes.","After nearly three decades building systems for insurance and healthcare, I saw the same pattern: brilliant ideas, but poor adoption.

AI was changing everything—but most companies didn’t know where to start. So I rebuilt Divigner to guide them. When I saw how much more engaging interactive avatars made learning and customer engagement, Avatar Studio was born.

Now my mission is to make AI feel human—bridging strategy, creativity, and technology to create real impact.","I combine AI governance and strategy expertise (ISO 42001, NIST AI RMF) with hands-on product leadership.

I understand enterprise infrastructure, compliance, and risk as deeply as I understand creative engagement and storytelling.

Most avatar providers sell cool tech—I deliver governed, scalable ecosystems that enterprises can trust.","","","1. Immersive & Interactive AI Avatars (and their real enterprise impact)

2. AI Governance, Risk, and Compliance (ISO 42001 + NIST AI RMF)

3. AI Strategy & Infrastructure for regulated industries

4. Storytelling through synthetic humans and conversational video

5. Thought leadership on responsible AI adoption in life sciences & insurance","1. Most companies shouldn’t chase “AI tools”—they need AI systems with structure and governance.

2. “Cool” avatars are useless unless they’re connected to data and business outcomes.

3. AI doesn’t replace humans—it extends human capability when designed with ethics and strategy.

4. Compliance and creativity aren’t opposites—they’re what make AI sustainable.","Yes — several proprietary frameworks:

1. AI Readiness Framework – for assessing strategy, data, and compliance.

2. Agentic RAG Framework – for integrating LLMs with knowledge bases.

3. Avatar Readiness Playbook – for planning and scaling avatar-driven interactions.

4. 3-Layer Governance Model – to align AI systems with ISO 42001 and NIST AI RMF.","1. https://www.youtube.com/@airevolutionx
2. https://www.linkedin.com/in/vajariya/ (good friend and original AI mentor)
3. https://www.linkedin.com/in/calebhosmer/
4. https://www.linkedin.com/in/manikanasani/
5. https://www.linkedin.com/in/marilynika/ (took her AI PM course)
6. https://www.linkedin.com/in/clara-hawking-ba9123149/ (governance)
7. https://www.linkedin.com/in/andrewyng/
8. https://www.youtube.com/@heygen_official
9. https://www.youtube.com/@heytavus
10. https://www.youtube.com/@JuliaMcCoy
11. https://www.youtube.com/@mreflow
12. https://www.therundown.ai/
13. https://www.youtube.com/@AI-Makerspace
14. https://www.linkedin.com/company/ai-maker-space/posts/?feedView=all
15. https://aibreakfast.beehiiv.com/","","Already established.","Forthcoming. A couple days away.","","Content folder already established. More assets to come.","Already established.","https://www.linkedin.com/in/jaemckinney/","","",""
"8178pZO","VL8zEDa","2026-02-23 15:31:11","I am the Co-Founder of Aligness™, a physician-led advisory integrating surgical medicine, functional medicine, and integrative dental medicine into a systems-based health and performance model for executives and private clients.

Through Aligness, we provide high-touch, personalized health strategy designed to optimize energy, cognition, longevity, and long-term resilience. Our approach moves beyond symptom management and instead identifies root causes across inflammation, metabolic health, airway function, oxidative stress, and systemic load.

In addition to Aligness, I am a surgical ophthalmologist, as well as functional medicine doctor and founder of Bellasee™, where I built an integrative clinical model combining advanced eye surgery with functional medicine principles.

My work centers on redesigning how medicine is delivered — shifting from fragmented care to coordinated, intelligent, performance-driven health systems.","Over the next 90 days, my goal is to establish Aligness™ as a distinct category in healthcare and position myself as a thought leader at the intersection of integrative medicine, performance strategy, and systems-based health.

I want to significantly increase visibility alongside my co-founder, Dr. Vladimir Pastouk, so that our profiles reinforce one another and clearly communicate our joint model.

Specifically, I want LinkedIn to generate qualified inbound interest from executives, founders, and high-performing professionals who resonate with our approach — leading to strategy calls and private client engagements.

This is not about vanity metrics. The goal is high-caliber visibility that converts into meaningful advisory relationships.","Our ideal client is a high-performing executive, founder, investor, or professional leader who operates at a high cognitive and decision-making level.

Typical Profile:

CEOs, founders, private equity partners, venture-backed operators

Healthcare leaders, high-level attorneys, entrepreneurs, or professional athletes

Income level: $500K+ annually or significant net worth

Often leading companies with 20–500+ employees

Used to concierge-level service and strategic advisory relationships

What They’re Trying to Solve:

Persistent fatigue, brain fog, or performance plateaus despite “normal” labs

Inflammation-driven health issues (gut, airway, metabolic, autoimmune, ocular surface)

Fragmented care across multiple specialists with no integrated strategy

Desire for longevity optimization and proactive health oversight

Need for private, intelligent, coordinated medical advisory rather than reactive treatment

They are not looking for routine care.
They are looking for clarity, precision, and a systems-based health strategy that matches the level at which they operate professionally.","I want to be known as the physician building the future of integrated, performance-driven medicine.

When people see my name, they should associate it with systems-based healthcare — connecting surgical insight, functional medicine, and integrative dental medicine into a unified strategy for high-performing individuals.

Not symptom management.
Not fragmented specialties.
But intelligent, coordinated medicine designed for clarity, longevity, and peak cognitive performance.

Aligness™ should become synonymous with that model.","1. Mark Hyman

What he does well:
Global authority in functional medicine, large media presence, strong thought leadership around root-cause care and longevity.

How we differ:
Aligness™ is not media-driven or mass education–focused. We operate as a high-touch, private advisory integrating surgical medicine, functional medicine, and integrative dental medicine into a coordinated performance model for executives. Our work is deeply personalized and systems-integrated rather than broad public education.

2. Peter Attia

What he does well:
Performance longevity framing, strong credibility in optimization and high-level health metrics, executive audience appeal.

How we differ:
Attia’s model centers on longevity science and individual protocol optimization. Aligness™ integrates multi-disciplinary clinical domains — surgical insight, oral-systemic health, inflammation pathways, airway, ocular surface, metabolic load — into one coordinated strategy. We emphasize systems alignment across specialties, not just protocol design.

3. Cleveland Clinic Executive Health Program

What they do well:
Comprehensive executive physicals, institutional credibility, structured testing programs.

How we differ:
Executive health programs are evaluation-based. Aligness™ is advisory-based and ongoing. We provide strategic oversight, cross-specialty coordination, and longitudinal performance planning rather than episodic testing. Our model integrates dentistry and surgical insight in ways traditional executive health programs do not.","The one action I want them to take is to book a private strategy call with Aligness™.

Every piece of content should ultimately lead qualified executives and high-performing professionals to request a confidential consultation where we assess their health from a systems perspective and determine whether they are a fit for our advisory model.

The goal is not passive engagement.
It is meaningful inbound conversations that convert into long-term private client relationships.","Yes.

As a licensed physician, I cannot make public claims that guarantee medical outcomes, promise cures, or imply universal results. All health-related content must remain educational and not constitute individualized medical advice.

I also cannot publicly disclose private client details, case specifics, or outcomes due to confidentiality and, in many cases, NDA agreements.

Additionally, any discussions involving laboratory interpretation, treatment protocols, longevity claims, or performance optimization must remain compliant with medical advertising regulations and avoid unsupported therapeutic claims.

All public-facing content should remain educational, strategic, and thought-leadership oriented rather than prescriptive.","Please See Current LinkedIn Profile - 25 years of experience in my field.

I am a board-certified ophthalmologist and anterior segment surgeon with extensive experience in corneal disease, endothelial pathology, and advanced microsurgical procedures, including DMEK and complex ocular surface reconstruction.

I am the founder of Bellasee™, an integrative ophthalmology practice where I developed a model combining surgical precision with functional medicine principles to address inflammation, oxidative stress, and systemic contributors to eye disease.

Over the course of my career, I have led clinical operations, built multidisciplinary teams, and integrated advanced diagnostic testing and AI-driven systems into medical practice. My work bridges surgical medicine, systems biology, and performance optimization.

I now serve as Co-Founder of Aligness™, where we are building a physician-led advisory model that integrates ophthalmology, functional medicine, and integrative dental medicine into a coordinated health strategy for executives and high-performing individuals.","• Board-certified ophthalmologist with over 25 years of clinical and surgical experience, fellowship-trained in cornea and cataract surgery, with advanced expertise in corneal transplantation, anterior segment reconstruction, and complex ocular surface disease.

• Founder and CEO of multiple physician-led ventures, including West Virginia Cornea and Cataract Center of Excellence and Bellasee™ Franchising — building an integrative ophthalmology model that merges surgical precision with functional medicine principles.

• Assistant Professor of Ophthalmology at the Medical University of South Carolina (2008–2011), contributing to residency education and academic development.

• Published in leading peer-reviewed journals including Ophthalmology and Cornea, with research contributions in ocular surface stem cell transplantation, immunologic anterior segment disease, and keratoplasty outcomes. Contributed chapters to major ophthalmology textbooks (Springer, Elsevier).

• Invited national lecturer at The Cornea Society, American Society of Cataract and Refractive Surgery (ASCRS), Bausch + Lomb lecture series, and multiple specialty conferences across the United States.

• Elected member and Vice President of Alpha Omega Alpha Medical Honor Society during medical school.

• Best-selling author of Unshackled: Why Medicine is Failing Doctors (and Patients) – and How We Can Break Free (2025), addressing systemic reform in healthcare delivery.

• Certified Functional Medicine Provider and Medical Cannabis–trained clinician, integrating systems biology, inflammation science, and preventative medicine into surgical practice.

• Licensed in multiple states and active hospital privileges since 2007, maintaining a high-volume surgical practice while simultaneously building scalable healthcare models.

","My defining moment wasn’t in an operating room — it was watching someone I loved move through the healthcare system and realizing how fragmented and reactive it truly is.

When my brother-in-law was diagnosed with cancer, I witnessed firsthand how even intelligent, well-intentioned physicians can operate in silos. There was no unified strategy. No one stepping back to ask why. No coordinated systems thinking. Just protocols.

At the same time, I was building a successful surgical practice — performing advanced corneal transplants, reconstructive procedures, and cataract surgeries — yet I began questioning why so much of what I treated surgically was rooted in inflammation, oxidative stress, and systemic dysfunction that no one was addressing upstream.

That tension changed me.

It led me into functional medicine training. It pushed me to integrate root-cause analysis into surgical care. And ultimately, it inspired me to write Unshackled — a book about how medicine is failing both doctors and patients when it becomes transactional instead of strategic.

My journey has been about breaking out of that model.

Aligness™ was born from that realization — the belief that high-performing individuals deserve coordinated, intelligent, systems-based medical oversight rather than fragmented care.

My story is not about abandoning traditional medicine.
It’s about elevating it.

I SPOKE ABOUT THIS AND MY STORY ON THE MOZA-BELLA MEDIA BROADCAST pinned on my IG channel @bellasee_eyecare; https://www.instagram.com/reel/DMQljjcpQwe/?igsh=MTNoZzFrbGE3eTR4MQ%3D%3D","What makes me different is that I am not approaching health from a single specialty lens.

I am a fellowship-trained corneal surgeon who moved upstream into systems biology — not because it was trendy, but because I saw inflammation, oxidative stress, and metabolic dysfunction driving the diseases I was operating on.

Most longevity physicians focus on labs.
Most functional medicine doctors focus on root cause.
Most executive health programs focus on testing.

I integrate surgical insight, functional medicine, and integrative dental medicine into one coordinated strategy.

Through Aligness™, we operate on a systems-alignment model:
• Ocular health as a window into systemic inflammation
• Oral and airway health as inflammatory drivers
• Metabolic and mitochondrial performance as cognitive fuel
• Coordinated oversight rather than fragmented specialty care

We don’t just optimize biomarkers.
We map interconnections.

My background allows me to see pathology at the microscopic surgical level while simultaneously evaluating systemic physiology. That dual lens — surgical precision plus systems thinking — is rare.

Aligness™ is not a clinic.
It is a strategic medical advisory built on integration.","Degrees

• Bachelor of Science in Biology, University of Kentucky (Summa Cum Laude)
• Doctor of Medicine (MD), Marshall University School of Medicine

Postgraduate Medical Training

• Internal Medicine Internship, Marshall University School of Medicine
• Ophthalmology Residency, West Virginia University Eye Institute
• Fellowship Training in Cornea and Cataract Surgery, Cincinnati Eye Institute

Board Certification

• Board-Certified by the American Board of Ophthalmology

Professional Certifications & Specialized Training

• Certified Functional Medicine Provider (Functional Medicine University)
• Medical Cannabis Certification (Pacific College of Health and Sciences)


Professional Distinctions

• Elected Member, Alpha Omega Alpha Medical Honor Society
• Former Assistant Professor of Ophthalmology, Medical University of South Carolina

MY CV AND BIO WILL BE EMAILED TO YOU SEPARATELY FROM THIS FORM","Yes.

Books

• Unshackled: Why Medicine is Failing Doctors (and Patients) – and How We Can Break Free (Thin Leaf Press, 2025)
A reform-driven exploration of physician burnout, healthcare fragmentation, and the evolution toward systems-based, integrative medicine.

Peer-Reviewed Publications & Academic Contributions

• Published in leading journals including Ophthalmology, Cornea, and American Journal of Ophthalmology
• Contributor to major ophthalmology textbooks (Springer, Elsevier)
• Research in corneal transplantation, ocular surface stem cell disease, immunologic anterior segment pathology, and surgical innovation

National Speaking Engagements

• The Cornea Society – Federated Scientific Sessions
• American Society of Cataract and Refractive Surgery (ASCRS)
• Bausch + Lomb Lecture Series (multi-city)
• Southeastern Cornea Conference
• Kiawah Eye Annual Conference
• University-based Grand Rounds (WVU, University of Cincinnati)

Podcast & Media Features

• Entrepreneur MD Podcast – Journey to Private Practice with Over $___ in Revenue
https://podcasts.apple.com/us/podcast/entrepreneur-md-journey-to-private-practice-with-over/id1592267406?i=1000719958518

• Featured on FOX 5 San Diego – The Pressure No One Sees: Life as a Doctor Today
https://fox5sandiego.com/fox-5-partners/impactful/the-pressure-no-one-sees-life-as-a-doctor-today/

• Featured on PIX11 New York – The Pressure No One Sees: Life as a Doctor Today
https://pix11.com/impact/the-pressure-no-one-sees-life-as-a-doctor-today-sponsored-content/

• Instagram feature discussing physician burnout and healthcare reform:
https://www.instagram.com/reel/DMQljjcpQwe/

","1. The Future of Integrated, Systems-Based Medicine
How healthcare must evolve from fragmented specialty care to coordinated, strategic medical oversight — especially for executives and high performers.

2. Inflammation, Metabolic Health & Cognitive Performance
The connection between systemic inflammation, oral health, ocular health, mitochondrial function, and executive decision-making capacity.

3. Physician Entrepreneurship & Healthcare Redesign
Building independent, physician-led models that restore autonomy, improve outcomes, and move beyond insurance-driven medicine.

4. Longevity & High-Performance Health Strategy
Moving from reactive treatment to proactive, long-term performance optimization for leaders, founders, and operators.

5. The Hidden Pressures in Medicine (Burnout, System Failure, Reform)
Insights from Unshackled — exploring how current systems fail both doctors and patients, and what intelligent reform looks like.","What most of the healthcare and longevity industry gets wrong is fragmentation.

Traditional medicine treats organs separately.
Functional medicine often treats labs separately.
Executive health programs run panels and send reports.

But very few operate from a truly coordinated systems strategy.

We’ve normalized:
• Reactive treatment instead of upstream prevention
• Biomarker optimization without structural context
• Short-term protocols instead of longitudinal oversight
• Siloed specialists with no unifying framework

In ophthalmology specifically, we surgically treat end-stage disease without always addressing the inflammatory and metabolic drivers upstream.

In longevity, we chase metrics without integrating airway health, oral-systemic inflammation, ocular markers, mitochondrial load, and surgical insight into one model.

The mistake isn’t lack of intelligence.
It’s lack of integration.

Medicine has become technically advanced but strategically disconnected.

Aligness™ exists because high-performing individuals don’t need more information — they need coordinated, intelligent oversight.

1. The Fragmentation Problem

Most executives don’t have a health problem.

They have a coordination problem.

One specialist for the heart.
Another for the gut.
Another for hormones.
Another for teeth.
Another for eyes.

No one overseeing the system.

We’ve built advanced medicine — but not integrated medicine.

High performers don’t need more appointments.

They need strategic oversight.

That’s the difference.

2. Longevity Is Not a Lab Panel

Running 80 biomarkers isn’t a longevity strategy.

It’s a data dump.

Longevity isn’t about chasing optimal numbers.

It’s about:

• Inflammation load
• Mitochondrial capacity
• Airway efficiency
• Oral-systemic health
• Cognitive clarity
• Structural resilience

And most importantly — how they interact.

Optimization without integration is noise.

3. Surgery Is Often the End of the Story, Not the Beginning

As a corneal surgeon, I’ve transplanted tissue.

But here’s what medicine doesn’t talk about:

Why did the tissue fail in the first place?

Inflammation.
Metabolic dysfunction.
Oxidative stress.
Autoimmune drivers.

We are exceptional at end-stage intervention.

We are far less disciplined about upstream causation.

That gap is where strategy belongs.

4. Executive Health Is Broken

Executive health programs run impressive tests.

Then they send you home with a PDF.

That’s not advisory.

That’s reporting.

High-level leaders operate with board advisors, financial advisors, strategic consultants.

But when it comes to their health — they get a printout.

Health at the executive level should be longitudinal, coordinated, and strategic.

Not episodic.

5.  Medicine Is Burning Out Its Best Thinkers

Physician burnout isn’t a resilience problem.

It’s a systems design problem.

We trained doctors to think critically.

Then put them in throughput-based models.

Fragmented care hurts patients.

But it also erodes physician purpose.

Reform doesn’t start with more regulation.

It starts with redesign.

","Yes.

Through Aligness™, we operate using a proprietary systems-alignment framework that integrates surgical insight, functional medicine, and integrative dental medicine into a unified executive health strategy.

Core methodologies include:

1. The Systems Alignment Model™
A multi-domain health mapping process that evaluates inflammation load, metabolic health, airway function, oral-systemic drivers, ocular markers, and cognitive performance as one interconnected system — not separate specialties.

2. The Inflammation Burden Index
A strategic evaluation approach that identifies cumulative inflammatory contributors across oral health, gut health, ocular surface, mitochondrial function, and environmental load to determine root drivers rather than isolated symptoms.

3. Executive Health Oversight Framework
A longitudinal advisory model designed for high-performing individuals, emphasizing coordinated care, strategic lab interpretation, cross-specialty integration, and proactive performance optimization rather than episodic treatment.

4. Surgical-to-Systems Bridge
A clinical philosophy developed from advanced corneal surgery experience — recognizing that end-stage tissue pathology often reflects upstream metabolic and inflammatory dysfunction.

These frameworks allow us to move beyond treatment into strategy.

Aligness™ is not a clinic model.
It is a systems-based advisory model.

","1. Peter Attia
https://www.linkedin.com/in/peterattia/

Clear, data-driven, longevity-focused content that speaks to high performers without being sensational.

2. Dr. Mark Hyman
https://www.linkedin.com/in/drmarkhyman/

Strong thought leadership in functional medicine with consistent, educational authority.

3. Naval Ravikant
https://www.linkedin.com/in/navalr/

High-level thinking about leverage, systems, and long-term strategy — concise and intellectual.

4. Balaji Srinivasan
https://www.linkedin.com/in/balajis/

Forward-thinking perspective on technology, decentralization, and the future — strategic and visionary tone.

5. Sahil Bloom
https://www.linkedin.com/in/sahilbloom/

Clear frameworks, visual clarity, executive appeal, and strong positioning around long-term thinking.","Topics Off Limits

• No political commentary or partisan healthcare debates
• No religious positioning
• No public criticism of specific physicians, clinics, or institutions
• No medical guarantees, cure claims, or outcome promises
• No patient case details without explicit written permission
• No disclosure of private client identities or confidential advisory work
• No product endorsements unless formally aligned with Aligness strategy

Content should remain strategic, educational, and thought-leadership driven — not reactive or controversial for attention.

I want to approve every post before it goes live.

Given regulatory considerations and the positioning of Aligness™ as a high-level advisory, content should be carefully reviewed for tone, compliance, and strategic alignment.","https://www.linkedin.com/in/drheatherskeens/

• Follower count: 905+ followers on personal LinkedIn profile (@drheatherskeens).
• Content frequency: I have a history of posting occasional professional content (polls, personal story posts, surgical education, and Bellasee-related articles) with 500+ posts and 2 articles historically.
• Typical engagement: Posts show moderate engagement (likes and comments from peers), indicating an engaged but niche audience rather than high viral reach at present.
• Content style so far: Mixed — clinical education, personal narrative, surgical guidance, and practice-focused content.

Summary
My LinkedIn presence is credible and established within my professional community, but currently has lower posting cadence and limited broad engagement.  My posts are the same among all social media channels and are auto generated from a marketing team. I am not personally posting or interacting with followers. I rarely comment and do not engage others. ","Yes.

I have a substantial body of existing content that can be repurposed strategically:

• My book Unshackled (2025), which contains narrative-driven insights on healthcare reform, physician burnout, systems thinking, and the evolution of medicine.

• National media interviews (FOX 5 San Diego, PIX11 New York) discussing physician pressures and healthcare reform.

• Podcast appearance on Entrepreneur MD discussing private practice growth and physician entrepreneurship.

• Extensive conference presentations and Grand Rounds lectures on corneal transplantation, ocular surface disease, inflammation, and surgical innovation.

• Peer-reviewed publications and textbook chapters that can be translated into thought leadership content.

• Bellasee™ educational materials, surgical training modules, and business frameworks developed for ophthalmologists.

• Internal frameworks from Aligness™, including systems-based health mapping models and executive advisory methodologies.

• Website content (Bellasee + Aligness) that can be refined into LinkedIn-native thought leadership posts.

• A YouTube channel (bellasee_eyecare) featuring patient education, surgical insights, and physician-focused content that can be adapted into short-form LinkedIn thought leadership.

• Ongoing short-form video content and Reels on Facebook and Instagram (@bellasee_eyecare), covering eye health, surgical education, wellness insights, and physician perspective that can be reformatted for LinkedIn distribution.

This content spans clinical expertise, entrepreneurship, healthcare redesign, and systems-based performance medicine.

","Yes.

I have several existing resources that can be developed into high-value downloadable assets:

• Excerpts and frameworks from my book Unshackled, including systems-based healthcare redesign models and physician burnout analysis.

• Bellasee™ educational materials and surgical training outlines that can be adapted into physician-facing guides.

• Functional medicine lab interpretation frameworks and clinical flow sheets (inflammation, gut health, hormone optimization, autoimmune patterns, mold toxicity).

• Executive health mapping frameworks developed through Aligness™, including systems-alignment models and strategic oversight processes.

• Slide decks and lecture materials from national ophthalmology conferences and Grand Rounds presentations.

• Patient education guides from Bellasee (ocular surface disease, surgical preparation, inflammation awareness).

• Wellness and preventative medicine checklists used in practice (nutrition, metabolic optimization, lifestyle interventions).

• Research publications and peer-reviewed articles that can be summarized into executive-facing white papers.

","Yes — I can provide the following visual and brand assets:

Professional & Clinical
• Professional headshots (studio + environmental)
• Surgical and clinical working photos (operating room, patient consult settings)
• Conference speaking photos and event appearances
• Grand Rounds and lecture presentation images
• Book cover and author imagery for Unshackled

Founder & Advisory Context
• Strategic meetings with co-founder Dr. Vladimir Pastouk
• Aligness™ concept visuals and framework diagrams
• Bellasee™ clinic interior photography (luxury clinical aesthetic)
• Executive-style candid shots (working sessions, travel, strategy discussions)

Media & Social Proof
• FOX 5 San Diego and PIX11 feature screenshots
• Podcast appearance graphics (Entrepreneur MD)
• YouTube channel visuals (bellasee_eyecare)
• Instagram and Facebook Reel screenshots (@bellasee_eyecare)

Clinical Proof
• Before-and-after surgical outcomes (compliant and de-identified)
• Patient testimonials (with consent where applicable)
• Case-based clinical transformations (educational format)

Brand Assets
• Aligness™ logo (vector files)
• Bellasee™ logo suite
• Brand color palettes (luxury black, gold, stone neutrals)
• Typography and brand guidelines
• Website screenshots (Aligness + Bellasee)

","wvcccoemd@gmail.com","https://www.linkedin.com/in/drheatherskeens/","843-469-9847","https://bellasee.com/","Dr. Vladimir Pastouk - you have this. dentalhelp@gmail.com"
"0QNA45N","BzBBJ21","2026-02-25 03:57:36","World-renowned dentist specializing in implant, cosmetic, and biological dentistry. Board-certified in naturopathy and biological dental medicine, with advanced training from Nova Southeastern University and mini-residency implant training. I lead Cleveland Center for Integrative Dentistry where we use CT imaging, lasers, ceramic implants, and holistic approaches (including ozone therapy and dental acupuncture) to deliver less-invasive, evidence-based care. International lecturer, Vice President & Director of Clinical Education at the Pacific Training Institute for Facial Cosmetics, Silver Medal recipient from the European Congress of Implantologists for implant-supported cosmetic crowns, and sustained member of the American Academy of Cosmetic Dentistry. Passionate about airway health, tongue-tie surgery, and restorative solutions that improve function and aesthetics."," Position Dr. Vladimir Pastouk as a national thought leader in integrative/biological dentistry while generating 35-45 qualified patient leads and 3–5 speaking/invitation opportunities in the next 90 days.

Key objectives (90 days)

Thought leadership: Publish 8 posts (2/week) showcasing clinical cases, airway/tongue‑tie insights, and biological dentistry evidence.
Lead generation: Convert activity into 35-45 qualified patient inquiries via LinkedIn messaging + clear CTA to book consults or a virtual Q&A.
Speaking opportunities: Secure 3–5 invites (webinars, podcasts, local CE events) by outreaching 20 targeted organizers/societies.
Network growth: Add 400–600 relevant connections (dentists, ENT/sleep clinicians, local healthcare influencers, and event organizers).
Primary tactics

Weekly: 1 case post with photos/short video + 1 educational post (airway health, ceramic implants, dental acupuncture).
CTA: Every patient-facing post ends with a clear CTA (book consult, download short airway checklist, join webinar).
Outreach: Send 5 personalized connection messages/day to target professionals and event organizers; follow up with value pitch and speaker one-pager.
Profile: Optimize About/headline to reflect authority, include booking link and speaker credentials.
Social proof: Share a short video testimonial or before/after case every 2 weeks; post one short clip of a lecture or media mention.
Metrics to track (weekly)

Posts published, engagement rate, new connections, inbound messages/leads, consult bookings, speaking replies.","Primary audience — Patients (ideal customers)

Demographics: Adults 30–65, higher-income households ($100k+), professionals and parents in Cleveland metro, surrounding suburbs and neighboring states. .
Concerns/problems: Missing teeth or failing restorations, desire for natural-looking ceramic implants, chronic airway issues/snoring/suspected sleep apnea, breastfeeding/speech issues in infants (tongue‑tie), complex cosmetic/function restorations, fear of invasive dentistry — prefer minimally invasive, biologically focused care.
Decision factors: Value clinical expertise, advanced technology (CT, lasers), holistic/biocompatible approaches, clear outcomes, and personalized care.
Secondary audience — Referral partners & professional gatekeepers

Job titles/industries: General dentists, ENT/sleep medicine physicians, lactation consultants, speech therapists, functional medicine/naturopathic practitioners, dental CE organizers, podcast/webinar hosts.
Practice size/influence: Solo to small group practices (1–20 clinicians), hospital-affiliated ENT/sleep clinics, regional professional associations and CE providers.
Problems they need solved: Reliable referral for advanced implant and biological dental cases, collaborative airway/tongue‑tie management, expert speaker/educator for CE events, evidence-based integrative treatment options for complex patients. Ozone therapy expert practitioner; Tongue tie surgery expert - developed and mastered hiw own tongue tie surgical technique ( Patent pending); Biological dental surgery expert, Biological dentistry expert; 
Tertiary audience — Thought-leader/audience builders

Job titles/industries: Dental journalists, dental influencers, CE platform managers, patient-advocacy groups.
Needs: Credible experts to feature, case studies, educational content on integrative dentistry and airway health.
How they find value from you

Clinical outcomes (esthetic + functional), minimally invasive/biocompatible protocols, clear patient education, multidisciplinary collaboration, and accessible speaking/training resources.","
The go-to expert for integrative, biologically‑focused airway and tongue‑tie care who combines minimally invasive ceramic implants and functional orthodontics (ALF, Myobrace, palatal expanders, clear aligners) to restore breathing, function, and natural aesthetics. Biological dentistry provider/expert that patients are coming to see from other states of the USA."," The real competitors in the Greater Cleveland region.

Kogan + Kogan Dental — strong, patient‑focused biological/holistic practice with long local history and an emphasis on SMART/mercury‑safe care and out‑of‑town patients. 
kogandental.com

How you differentiate: emphasize your unique blend of airway/tongue‑tie + ceramic implant expertise, clinical educator role and international lecturing credentials.

Health Inspired Dentistry (Dr. Claudia Minadeo‑Fox) — established holistic/general + cosmetic practice offering Invisalign, ozone therapy and a patient “spa” experience. 
healthinspireddentistry.com

How you differentiate: lead with advanced implant/ceramic implant capabilities, CBCT/laser‑guided surgical workflow, and your role as a CE speaker/trainer on airway and tongue‑tie topics. Best comprehensively trained biological dentist in Airways health, tongue tie surgeries, and functionl orthodontics.

Three additional named competitors in your region

Dr. Jeffrey A. Silver — biological/mercury‑safe dentist (Beachwood) who promotes IAOMT‑style protocols, safe amalgam removal and biologic restorations. Strong at mercury‑safe messaging and local patient trust. 
jeffreysilverdds.com

How you differentiate: position your practice as the integrated destination for airway + functional orthodontic treatment (ALF, Myobrace, expanders, clear aligners) combined with advanced ceramic implant reconstruction and lecture/CE leadership.

Good Health Dental / Dr. Scott L. Rose — a Solon‑area holistic/biocompatible practice with a family‑friendly brand and focus on mercury‑free, non‑toxic dentistry. Good local reputation and broad service mix. 
thinkbetterlife.com

How you differentiate: highlight your multidisciplinary airway pathways (CBCT airway analysis, ENT/sleep collaboration, custom oral appliances) and your pediatric tongue‑tie + myofunctional therapy continuum that transitions to adult implant/restorative care.

Whole Life Dentistry (Lyndhurst/Cleveland) — multi‑doctor practice that markets lifetime, total‑health dentistry and offers implants, Invisalign and comprehensive restorative care; high local visibility and strong patient volume. 
wholelifedentistry.com

How you differentiate: emphasize your niche leadership in metal‑free ceramic implants, minimally invasive biological surgery (own immune‑cell/Ozone protocols), and your public profile as an international lecturer and clinical educator.","Book a 15‑minute virtual consult to assess airway/tongue‑tie or discuss a ceramic implant plan (link to booking page).","Guarantees of specific clinical outcomes (e.g., “cure,” “100% success,” “permanent fix”).
Promises about treating or curing medical conditions outside scope (e.g., “cures sleep apnea” without appropriate diagnostics/ENT evidence).
Unverified clinical claims or novel therapy efficacy without peer‑reviewed support.
Misstating credentials, board certifications, or fellowship/diploma status.
Implying licensure or certification in states/regions where you are not licensed.
Representing third‑party organizations, endorsements, or partnerships you don’t have.
Advertising prescription or controlled‑substance treatments or instructing patients to stop prescribed therapies.
Making legal, financial, or insurance guarantees (e.g., coverage promises).
Sharing identifiable patient information, photos, or outcomes without explicit, documented written consent (HIPAA compliance).
Using fabricated or manipulated before/after images or misleading photo edits.
Violating manufacturer rules about off‑label device/material promotion.
Disclosing confidential/contractual information (NDAs, unpublished research, proprietary training material).
Medical/public‑health misinformation (e.g., false statements about vaccines, infectious disease treatments).
Soliciting reviews, or offering incentives for positive reviews in jurisdictions where prohibited.","Dr. Vladimir Pastouk — Professional Background (concise)

Doctor of Dental Medicine (DMD); began dental training in 1991 at Kiev Medical University School of Dentistry.
Over three decades of clinical experience in implant, cosmetic, and biological dentistry.
Advanced clinical training: Nova Southeastern University Advanced Standing Program (College of Dentistry) and a mini‑residency in implantology and bone grafting (Atlanta).
Founder and Lead Clinician, Cleveland Center for Integrative Dentistry — delivering implant restorations (including ceramic implants), restorations, laser and CT‑guided surgery, tongue‑tie procedures, Invisalign, airway appliances, ozone therapy, and implementation of dental acupuncture principles in dental in dental treatments.
Former Vice President & Director of Clinical Education, Pacific Training Institute for Facial Cosmetics.
Widly sougth after active clinical educator and international lecturer on holistic dentistry, airway health, tongue‑tie surgery, and implant/cosmetic topics.
Honors & professional distinctions: Silver Medal — European Congress of Implantologists (implant‑supported cosmetic crowns);
 Diplomate — International Congress of Oral Implantologists; 
Fellow — Misch International Implant Institute; 
Associate Fellow — American Academy of Implant Dentistry; 
Sustained Member — American Academy of Cosmetic Dentistry.
Board certifications in Naturopathy and Biological Dental Medicine.
Philanthropy: organizer of long‑term dental missions (Dominican Republic), volunteer with Give Back A Smile, founder/supporter of doctors4ukraine fundraising, supporter of Children with Diabetes events.","op achievements — proof points

Founded and grew Cleveland Center for Integrative Dentistry into one of the leading biological/metal‑free practices in the U.S., delivering advanced implant, airway, and restorative care.
Silver Medalist — European Congress of Implantologists for implant‑supported cosmetic crowns (recognition for clinical research and cosmetic implant excellence).
","
When I was three I found a skull my mother was using for her medical studies and pulled two teeth from the jaw. My grandmother looked at me and said, “You’re a future dentist.” Raised by a physician mother and an engineer father, I grew up between medicine and mechanics — drawn to precise, hands‑on problem solving that improves people’s lives. That childhood curiosity led me from dental school in Kiev to advanced training in the U.S., and eventually to founding the Cleveland Center for Integrative Dentistry. Today I blend surgical precision, biological principles, and functional dentistry (airways, tongue‑tie, ceramic implants, ALF/Myobrace/expanders and clear aligners) to restore breathing, function and confident smiles — a career that began with two teeth and a lifelong desire to fix what’s broken.","Integrated scope: You combine pediatric-to-adult airway/tongue‑tie care and functional orthodontics (ALF, Myobrace, expanders, clear aligners) with advanced implant and restorative dentistry — delivering end-to-end treatment paths few practices provide.

Biological + technical blend: Metal-free ceramic implants, ozone/immune‑cell therapies, dental acupuncture and naturopathic/biological certifications integrated with CT/CBCT planning, laser surgery, and modern implant protocols.

Multidisciplinary collaboration: Routine coordination with ENT, sleep specialists, myofunctional therapists, speech/lactation experts — you treat airway and function, not just teeth.

Educator authority: Active international lecturer and Director of Clinical Education — you teach peers the techniques you use, signaling reproducible, evidence-informed care.

Minimally invasive, function-first philosophy: Prioritize oral posture, breathing and long-term stability over quick cosmetic fixes; treatment plans stage function (airway/myofunction) before definitive restorations.

Full continuum & transitions: Seamless care from infant frenectomy and myofunctional rehab through adolescent development appliances to adult ceramic implant rehabilitation — reducing relapse and improving outcomes.

Demonstrable credibility & trust: Prestigious awards (European Congress Silver Medal), implant diplomacy/fellowships, and documented philanthropic work that reinforce expertise and community commitment.
Founder of Glossodontics. Trademark name of the fraanchising company that provides membership and training for dentists in airways and tongue ties surgeries. ","
Doctor of Dental Medicine (DMD) — Kiev Medical University School of Dentistry (clinical training began 1991)
Advanced Standing Program — Nova Southeastern University College of Dentistry (advanced clinical training for international dentists)
Mini‑residency — Implantology & Bone Grafting (Atlanta)
Board Certification — Naturopathy
Board Certification — Biological Dental Medicine
Diplomate — International Congress of Oral Implantologists (ICOI)
Fellow — Misch International Implant Institute
Associate Fellow — American Academy of Implant Dentistry (AAID)
Sustained Member — American Academy of Cosmetic Dentistry (AACD)
Silver Medal — European Congress of Implantologists (implant‑supported cosmetic crowns)
Director/Vice President, Clinical Education — Pacific Training Institute for Facial Cosmetics (role & teaching credential)
Member — International Association of Mercury‑Safe Dentists (IAOMD)
Member — International Academy of Oral Medicine & Toxicology (IAOMT)
Clinical training & proficiency in CBCT/CT imaging, dental lasers, ceramic implant protocols, ozone therapy, dental acupuncture, ALF/Myobrace/expansion and clear‑aligner workflows","Yes — regular speaker and educator

Frequent international lecturer on biological dentistry, implant/cosmetic surgery, airway health, and tongue‑tie surgery.
Past Vice President & Director of Clinical Education, Pacific Training Institute for Facial Cosmetics — delivers courses and hands‑on training.
Conference recognition: Silver Medal, European Congress of Implantologists (implant‑supported cosmetic crowns).
Regular appearances on dental CE stages, webinars, and professional panels covering minimally invasive ceramic implantology, airway/tongue‑tie treatment pathways, and biologic dental protocols.","Tongue‑tie diagnosis & treatment — indications, laser vs surgical frenectomy, post‑op myofunctional rehab, breastfeeding & speech outcomes.
Airway health & sleep‑disordered breathing — CBCT assessment, oral appliance protocols, ENT collaboration, non‑invasive airway solutions.
Glossodontics™ — training curriculum, clinical case studies, and membership benefits for dentists learning comprehensive dental‑airway functional care.
Biological dental surgery & metal‑free ceramic implants — ozone/immune‑focused protocols, minimally invasive techniques, case outcomes.
Functional orthodontics & myofunctional therapy — ALF, Myobrace, palatal expansion, and clear aligner integration to achieve stable, functional results.","
Common mistakes in dentistry (what everyone gets wrong)

Teeth are isolated from overall health — many dentists treat teeth as standalone problems instead of addressing airway, posture, systemic inflammation, and oral‑body connections that drive long‑term outcomes.
Function is secondary to aesthetics — prioritizing quick cosmetic fixes over airway, occlusion, and myofunctional stability leads to relapse and compromised health.
One‑size‑fits‑all implant/restorative approaches — ignoring biocompatibility (metal vs ceramic), immune responses, and individualized biologic protocols.
Underestimating pediatric airway/tongue‑tie impact — delayed diagnosis of frenula or narrow arches misses early windows to prevent lifelong breathing, speech, and orthodontic issues.
Siloed care, poor multidisciplinary collaboration — failure to coordinate with ENT, sleep medicine, myofunctional therapists, and orthodontists reduces treatment effectiveness.
Overreliance on traditional surgery without conservative options — not offering or integrating appliances, myofunctional therapy, or minimally invasive alternatives first.","Frameworks, processes & proprietary methods
Glossodontics™ — proprietary training program and membership teaching dentists comprehensive dental‑airway functional care (airway assessment, functional orthodontics, myofunctional therapy, frenectomy, and case staging).
Patented frenectomy technique — filed patent for a surgical method for tongue and lip ties (precise, minimally invasive, optimized for faster recovery and better functional outcomes).
Airway Clinical Pathway (Assess → Plan → Treat → Follow‑up) — standardized protocol using sleep/medical history, CBCT airway analysis, interdisciplinary referral (ENT/sleep), custom oral appliance design, and objective follow‑up (sleep testing/myofunctional metrics).
Biological Surgical Protocol — staged, immune‑aware approach integrating biocompatible materials (ceramic implants), ozone therapy/immune‑cell adjuncts, laser/minimally invasive surgery, and guided bone grafting when needed.
Functional Orthodontics Integration Model — coordinated use of ALF, Myobrace, palatal expansion, and clear aligners sequenced with frenectomy and myofunctional therapy to maximize stability and airway improvement.
Clinical Education Model — hands‑on courses + membership follow‑up (case coaching, peer review, and implementation support) to ensure clinicians can replicate outcomes in practice.","Mark A. Breiner, DDS — Author of Whole‑Body Dentistry; long‑time IAOMT/IABDM leader and national lecturer (Fairfield, CT).
Kelly J. Blodgett, DMD, NMD, IBDM — Biological dentist, educator and co‑host of The Whole Health Podcast; active national speaker.
Dr. Sanda Moldovan, DDS — Periodontist/nutritionist, host of The Holistic Dentistry Show, frequent national media/CE speaker (Beverly Hills / Manhattan).
Dianna Cortese, DDS — Biological dentist, educator and podcast guest with national visibility (upstate NY).
Michelle Jorgensen, DDS — Biological dentist, author and educator (Total Care Dental & Wellness, Utah).
Scott Chandler, DDS — Summit View Biological Dentistry & Wellness; noted biological dentist and educator (Park City, UT).","Just concentrate on positive story about myself. ","very much passive","not sure, need more guidance here. ","no","""Assets for Aligness Linkedin Profiles HS + VP"" shared in Google drive","dentalhelp@gmail.com","https://www.linkedin.com/in/vladimir-pastouk-dmd-nd-a0b33a8/","2165368881","glossodontics.com            
ohioholisticdentist.com","no"
"NpK998O","MeLlN7A","2026-03-13 09:24:27","I operate across the full AI stack simultaneously. I run a trading fund (Sybilian -- 593% returns in 15 months, converting a 100K-word published thesis into capital deployment), a robotics data infrastructure company (Gerra -- $1M ARR, one of the largest commercial humanoid fleets in the US), a data brokerage (Lindir -- connecting companies like StockTwits and StatMuse to AI labs), and I manage distributed H100 GPU clusters. I also published a 100,000-word intellectual framework at sybilian.com before making a single trade based on it. The same bottleneck shows up at every level of the stack -- I see it from all angles at once.","Get in front of LPs (limited partners) and allocators for the Sybilian hedge fund. Secondary: build credibility with AI infrastructure operators, fund managers, and senior technical leaders who would either invest, refer investors, or become strategic relationships. Not chasing followers -- chasing the right 500 people. Every post should make someone with capital think ""this person understands something I don't.""","- Fund managers, family office CIOs, allocators ($5M-$500M AUM)
- AI infrastructure operators (compute, data, energy)
- Senior technical leaders at AI labs and frontier companies
- Founders building in the AI supply chain (data, compute, energy, robotics)
- They're trying to figure out where the AI value chain is going and who actually has a differentiated edge. Income level: high net worth. Company size: ranges from solo allocators to large institutional teams.
","The person who operates across the full AI stack -- builds the hardware, collects the data, brokers the data, trades the equities, and wrote the theory -- and tells you what he sees from that position.
","1. Leopold Aschenbrenner -- was at OpenAI, wrote ""Situational Awareness,"" started a fund. Edge: ""I was inside the most important AI lab."" What I do differently: I built across the supply chain and published the framework first. His is insider access, mine is operational intelligence from every layer.
2. Dylan Patel / Semi-Analysis -- built premier semiconductor research, newsletter + dashboard + fund. Edge: ""I map the supply chain better than anyone."" What I do differently: I don't just analyze it, I operate inside it. I run the robots, collect the data, manage the compute, and trade the stocks.
3. Dwarfish Patel Podcast host

LinkedIn URLs: don't have them handy for these -- they're primarily YT/X/Twitter accounts.","Visit sybilian.com (read the thesis) or DM me to schedule a call about the fund.
","- Cannot name Point72 as a specific data buyer/customer -- can say ""we work with firms like Point72"" but not that they are purchasing specific products (NDA)
- Never mention my personal details in external-facing content
- Never include my personal phone number in public content
- Gerra deliverables to clients are software only — ideally not position as deploying physical robots to customers
- Don't use specific revenue numbers ($ARR, exact revenue) in customer-facing or public content -- use proof points instead (clients, exits, scale)
","Started trading Indian equities at 16 (Zerodha, NSE). Published two research papers by 17. Dropped out of engineering at NTU Singapore at 19 to build Hazlo.ai -- scaled to 2k businesses and exited to SAP. Moved to San Francisco on an Extraordinary Ability visa at 21. Built across the full AI stack: robotics hardware and data (Gerra, $1M ARR), petabyte-scale data infrastructure (Infr, 10K+ MAUs), data brokerage (Lindir, with Brian Norgard). Worked directly with NVIDIA and frontier AI labs. Published a 100K-word thesis at sybilian.com. Proved the thesis with 593% returns in 15 months (2.62 Sharpe, 0.36 beta). Now 24, converting it all into a hedge fund while running multiple companies simultaneously.
","- 593% cumulative return in 15 months trading (Aug 2024 - Oct 2025), 2.62 Sharpe ratio, vs S&P 500 +22.4% same period
- Exited Hazlo.ai to SAP at age 19
- Gerra hit $1M ARR -- operates one of the largest commercial humanoid robot fleets in the US
- Published 100,000-word intellectual framework (Sybilian) -- 13 chapters, original economic theory
- O-1A visa (Extraordinary Ability) approved at 21
- Built the largest market maker on Polymarket
- Committed investors include Naval Ravikant, Kamal Ravikant, Brian Norgard, Jeff Fagnan (Accomplice)
- Published brain tumor detection paper at age 17 (International Journal of Engineering Science and Computing)
- Co-founded Education Foundation at 15 (~9 years active, eradicating child labor through education)
- Karpathy endorsed SporeMesh (""love it!"") -- 11K+ views in 3 hours","I've been obsessed with understanding how systems work since I was a teenager in India. Started trading at 16, not because someone told me to, but because I wanted to understand why prices move. Published my first research paper at 17 -- a CNN for detecting brain tumors from MRI scans. Dropped out of engineering school in Singapore at 19 because I'd built a company (Hazlo.ai) that was growing faster than anything I was learning in class. Scaled it to $200K ARR and it got acquired by SAP.

Moved to San Francisco on an O-1 visa and started building across the AI stack -- robotics, data infrastructure, GPU clusters. The weird thing was that I kept seeing the same bottleneck from every angle. The robots needed data, the data needed compute, the compute needed energy, and the stocks I was trading were pricing the same constraints I was hitting in my own operations. That's when I realized: the insight isn't in any one layer. It's in seeing all the layers at once.

So I spent a year writing it all down -- 100,000 words, a complete framework for why the economy is reorganizing around AI. Then I traded on it and made 593% in 15 months. Now I'm 24, I'm converting that thesis into a hedge fund, and I'm still building the infrastructure companies that feed the same thesis. Everything compounds into the same thing.","
Everyone else is either a builder OR a trader OR a theorist. I'm all three simultaneously, and they all feed the same thesis. When I say ""energy is the bottleneck,"" it's because I've run the robots that consume the power, built the data pipelines that need the compute, managed the GPU clusters, AND traded the stocks that price the shortage. The thesis isn't theoretical -- it's operational intelligence.

The Sybilian framework itself is the methodology: the economy is a graph, power is compute times connectivity, and for 10,000 years intelligence was roughly symmetric across all nodes. That symmetry is now breaking. Every institution premised on it -- markets, firms, jobs -- is being restructured. The fund identifies where the AI cycle is starved, goes long the bottleneck, and exits when the market prices it in.
","- NTU Singapore, Bachelor of Engineering -- EEE with Business (2020-2021, dropped out to build Hazlo.ai)
- DPS International, Gurgaon -- Valedictorian, Academic-Athletic Scholarship (2019)
- Cryptography I -- Coursera (Stanford, Jun 2019)
- Machine Learning Foundations -- Coursera (Sep 2018)
- SAT Math II: 800, SAT Physics: 800
- O-1A Extraordinary Ability
- Entrepreneur First alumnus
- Z Fellows community member","- Sybilian -- 100K-word published thesis at sybilian.com (13 chapters, live)
- ""We Quantified the Sim2Real Gap for Bipedal Humanoids"" -- LinkedIn technical article (Jan 2026), 284K joint samples, 30+ reactions
- ""Diagnosing Intracranial Neoplasms through MRI & CNNs"" -- International Journal of Engineering Science and Computing (Nov 2019, published at age 17)
- ""Alternative Approaches for Modelling COVID-19"" -- preprint (Jul 2020), R-squared of 0.999, co-authored with 4+ researchers
- Karpathy endorsed SporeMesh publicly on X (""love it!"")","1. What I see operating across the full AI stack -- specific bottlenecks, surprises, and patterns from running robots, managing GPU clusters, brokering data, and trading the equities simultaneously
2. The intelligence symmetry break -- the 10,000-year hidden constant is ending, and what that means for markets, companies, and careers
3. The hyperliquidity -- everything is liquid (capital, talent, attention, capability, information), friction was a filter not just a cost, and direction is the new scarce resource
4. AI supply chain investing -- where the cycle is starved, what's actually bottlenecked vs what people think is bottlenecked, and how I see it from the operator side
5. Building multiple companies at 24 -- not as hustle porn, but honest observations about what works, what doesn't, what's genuinely hard","- People think AI investing is about picking the best model. It's about identifying where the supply chain is starved -- energy, compute, data -- and going long the bottleneck.
- Everyone talks about ""AI replacing jobs"" but the real disruption is that intelligence is diverging across nodes for the first time in 10,000 years. Every institution assumes symmetric intelligence. That assumption is breaking.
- The robotics industry is obsessed with model architecture. The real bottleneck is data -- the right data, collected under the right conditions. Always one layer deeper than you expect.
- People treat friction as purely a cost. Friction was also a filter. We removed it, and now we have unlimited options and no direction. That's the real crisis.
- Most content about AI is written by people who read about it. Very few people are simultaneously building AI infrastructure, collecting AI training data, managing the compute, AND trading the public equities. The insight is in the intersection.","- The Sybilian Framework -- full economic model of the economy as a graph with nodes, edges, and a power function P(n) = C(n) x sum[B(n,i) x P(i)]. Published at sybilian.com.
- The Three Changes -- Hyperliquidity, Information Compression, Zero Activation Energy. Framework for understanding what happens when AI makes everything liquid.
- Bottleneck Investing -- identify where the AI cycle is starved, go long, exit when market prices it in. Proved with 593% returns.
- The Lossy Projection Frame -- assets are lossy projections of reality onto tradeable coordinates. Each new instrument recovers a lost dimension.
- The Hidden Constant -- symmetric intelligence across nodes has held for 10,000 years. It's the hidden variable underlying markets, states, firms, and jobs.
","I admire the voices more on X/Twitter, but for LinkedIn tone:
1. Naval Ravikant (linkedin.com/in/navalr) -- aphoristic wisdom, conviction without ego
2. Leopold Aschenbrenner -- thesis-driven content from an operator-investor
3. Brian Norgard (linkedin.com/in/briannorgard) -- concise, specific, no fluff
4. Sam Altman (linkedin.com/in/samaltman) -- declarative, forward-looking
5. Jim Fan (linkedin.com/in/drjimfan) -- technical depth made accessible","- Immigration/visa status 
- Personal details
- Specific revenue numbers for Gerra or Lindir (use proof points instead)
- Point72 as a named customer (can reference ""top quant funds"" generically)
- Anything positioning Gerra as deploying physical robots to customers (it's a software/data company)
- Politics, religion
- Negative mentions of specific competitors by name


I want to approve every post before it goes live.
","2,917 followers, 500+ connections, verified profile. Current headline: ""Wrote the thesis. Built across the stack. Trading it. | sybilian.com"". Post frequency has been inconsistent -- the sim2real gap article (Jan 2026) got 30+ reactions. Top historical post got 885 reactions and 166 comments. I've been more active on X (@synthpolis) recently, posting articles (""The Hidden Constant"", ""The Hyperliquidity"") and tweets.
","Yes, a lot:
- Sybilian -- 100,000-word published thesis at sybilian.com (13 chapters). Endless LinkedIn content from this.
- X/Twitter articles -- ""The Hidden Constant,"" ""The Hyperliquidity"" (just published)
- X/Twitter posts -- SporeMesh explainer (11K+ views), various market takes
- LinkedIn articles -- sim2real gap technical analysis (Jan 2026)
- Sybilian fund deck -- pitch deck with thesis distillation
- Internal Gerra docs -- data architecture, customer case studies, robot fleet operations
- Lindir pitch materials -- data brokerage positioning","- The Sybilian thesis itself (sybilian.com) -- could extract chapters as standalone PDFs
- Trading track record documentation (IBKR PortfolioAnalyst verified)
- Sim2real gap research data (284K joint samples)
- Could create: ""The Bottleneck Investing Framework"" PDF, ""The Three Changes"" one-pager, fund thesis summary
","Will need to create a Google Drive folder. Assets I have:
- Photos from robotics lab / robot fleet
- Screenshots of trading performance
- Gerra product screenshots / data pipeline visualizations
- Cover images from X articles (chess board dissolving into mercury for The Hyperliquidity)
- Brand assets: sybilian.com design system
- Headshots: need to get updated professional ones
","ojas@sybilian.com","linkedin.com/in/ojas-shukla

","415-707-9805","sybilian.com","No"